Compound ID,ESOL predicted log solubility in mols per litre,Minimum Degree,Molecular Weight,Number of H-Bond Donors,Number of Rings,Number of Rotatable Bonds,Polar Surface Area,measured log solubility in mols per litre,smiles
Amigdalin,-0.9740000000000001,1,457.4320000000001,7,3,7,202.31999999999996,-0.77,OCC3OC(OCC2OC(OC(C#N)c1ccccc1)C(O)C(O)C2O)C(O)C(O)C3O 
2-Heptanol ,-1.6780000000000002,1,116.20399999999998,1,0,4,20.23,-1.55,CCCCCC(C)O
"2,3-Dichloronitrobenzene",-3.322,1,192.00100000000003,0,1,1,43.14,-3.48,O=N(=O)c1c(Cl)c(Cl)ccc1
Indan,-3.057,2,118.17899999999997,0,2,0,0.0,-3.04,C1Cc2ccccc2C1
3-Methylpentane,-2.6,1,86.178,0,0,2,0.0,-3.68,CCC(C)CC
nevirapine,-3.397,1,266.30400000000003,1,4,1,58.120000000000005,-3.19,Cc3ccnc4N(C1CC1)c2ncccc2C(=O)Nc34 
cycloate,-3.35,1,215.36199999999994,0,1,3,20.310000000000002,-3.4,CCSC(=O)N(CC)C1CCCCC1 
Anethole,-3.2539999999999996,1,148.20499999999998,0,1,2,9.23,-3.13,COc1ccc(C=CC)cc1
Dimefuron,-3.8310000000000004,1,338.79500000000013,1,2,2,80.37,-4.328,CN(C)C(=O)Nc1ccc(c(Cl)c1)n2nc(oc2=O)C(C)(C)C
deoxycorticosterone acetate,-4.4719999999999995,1,372.5050000000002,0,4,3,60.440000000000005,-4.63,CC(=O)OCC(=O)C3CCC4C2CCC1=CC(=O)CCC1(C)C2CCC34C 
DDD,-6.007999999999999,1,320.04600000000005,0,2,3,0.0,-7.2,ClC(Cl)C(c1ccc(Cl)cc1)c2ccc(Cl)cc2
Minoxidil,-1.8090000000000002,1,209.25299999999996,2,2,1,95.10999999999999,-1.989,Nc1cc(nc(N)n1=O)N2CCCCC2 
1-Propanol,-0.33399999999999996,1,60.096,1,0,1,20.23,0.62,CCCO
5-methylcytosine,-0.257,1,125.13099999999999,2,1,0,71.77000000000001,-1.4580000000000002,Nc1c(C)c[nH]c(=O)n1 
Propyl propanoate,-1.545,1,116.15999999999998,0,0,3,26.3,-1.34,CCCCC(=O)OC
Procymidone,-3.464,1,284.142,0,3,1,37.38,-4.8,CC12CC2(C)C(=O)N(C1=O)c3cc(Cl)cc(Cl)c3
Chloroethylene,-1.188,1,62.499,0,0,0,0.0,-1.75,ClC=C
phenanthridine,-3.713,2,179.22199999999998,0,3,0,12.89,-2.78,c1ccc2c(c1)cnc3ccccc23 
Tetrahydropyran ,-0.978,2,86.134,0,1,0,9.23,-0.03,C1CCOCC1
DDT,-6.638,1,354.491,0,2,2,0.0,-7.15,Clc1ccc(cc1)C(c2ccc(Cl)cc2)C(Cl)(Cl)Cl
butallylonal,-2.766,1,303.156,2,1,4,75.27000000000001,-2.647,CCC(C)C1(CC(Br)=C)C(=O)NC(=O)NC1=O 
1-Hexene,-2.364,1,84.16199999999999,0,0,3,0.0,-3.23,CCCCC=C
Benomyl,-2.9019999999999997,1,290.323,2,2,4,85.25,-4.883,CCCCNC(=O)n1c(NC(=O)OC)nc2ccccc12
"2,4-Dimethyl-3-pentanone",-1.7519999999999998,1,114.18799999999997,0,0,2,17.07,-1.3,CC(C)C(=O)C(C)C
"1,2-Dichlorotetrafluoroethane",-2.697,1,170.92000000000002,0,0,1,0.0,-2.74,FC(F)(Cl)C(F)(F)Cl
